Timestamp,x,y,h
0,-1.475,-0.535,-0.885046
0.1,-1.45892,-0.554658,-0.885046
0.2,-1.44283,-0.574316,-0.885046
0.3,-1.42675,-0.593975,-0.885046
0.4,-1.41066,-0.613633,-0.885046
0.5,-1.39458,-0.633291,-0.885046
0.6,-1.37849,-0.652949,-0.885046
0.7,-1.36241,-0.672607,-0.885046
0.8,-1.34632,-0.692265,-0.885046
0.9,-1.33024,-0.711924,-0.885046
1,-1.31415,-0.731582,-0.885046
1.1,-1.29807,-0.75124,-0.885046
1.2,-1.28198,-0.770898,-0.885046
1.3,-1.2659,-0.790556,-0.885046
1.4,-1.24981,-0.810215,-0.885046
1.5,-1.23373,-0.829873,-0.885046
1.6,-1.21765,-0.849531,-0.885046
1.7,-1.20156,-0.869189,-0.885046
1.8,-1.18548,-0.888847,-0.885046
1.9,-1.16939,-0.908505,-0.885046
2,-1.15331,-0.928164,-0.885046
2.1,-1.13722,-0.947822,-0.885046
2.2,-1.12114,-0.96748,-0.885046
2.3,-1.10505,-0.987138,-0.885046
2.4,-1.08897,-1.0068,-0.885046
2.5,-1.07288,-1.02645,-0.885046
2.6,-1.0568,-1.04611,-0.885046
2.7,-1.04071,-1.06577,-0.885046
2.8,-1.02463,-1.08543,-0.885046
2.9,-1.00855,-1.10509,-0.885046
3,-0.992461,-1.12475,-0.885046
3.1,-0.976376,-1.1444,-0.885046
3.2,-0.960291,-1.16406,-0.885046
3.3,-0.944207,-1.18372,-0.885046
3.4,-0.928122,-1.20338,-0.885046
3.5,-0.912037,-1.22304,-0.885046
3.6,-0.895953,-1.24269,-0.885046
3.7,-0.879868,-1.26235,-0.885046
3.8,-0.863783,-1.28201,-0.885046
3.9,-0.847699,-1.30167,-0.885046
4,-0.831614,-1.32133,-0.885046
4.1,-0.815529,-1.34099,-0.885046
4.2,-0.799445,-1.36064,-0.885046
4.3,-0.78336,-1.3803,-0.885046
4.4,-0.767275,-1.39996,-0.885046
4.5,-0.751191,-1.41962,-0.885046
4.6,-0.735106,-1.43928,-0.885046
4.7,-0.719022,-1.45893,-0.885046
4.8,-0.702937,-1.47859,-0.885046
4.9,-0.686852,-1.49825,-0.885046
5,-0.670768,-1.51791,-0.885046
5.1,-0.654683,-1.53757,-0.885046
5.2,-0.638598,-1.55723,-0.885046
5.3,-0.622514,-1.57688,-0.885046
5.4,-0.606429,-1.59654,-0.885046
5.5,-0.590344,-1.6162,-0.885046
5.6,-0.57426,-1.63586,-0.885046
5.7,-0.558175,-1.65552,-0.885046
5.8,-0.54209,-1.67517,-0.885046
5.9,-0.526006,-1.69483,-0.885046
6,-0.509921,-1.71449,-0.885046
6.1,-0.493836,-1.73415,-0.885046
6.2,-0.477752,-1.75381,-0.885046
6.3,-0.461667,-1.77347,-0.885046
6.4,-0.445583,-1.79312,-0.885046
6.5,-0.429498,-1.81278,-0.885046
6.6,-0.413413,-1.83244,-0.885046
6.7,-0.397329,-1.8521,-0.885046
6.8,-0.381244,-1.87176,-0.885046
6.9,-0.365159,-1.89141,-0.885046
7,-0.349075,-1.91107,-0.885046
7.1,-0.33299,-1.93073,-0.885046
7.2,-0.316905,-1.95039,-0.885046
7.3,-0.300821,-1.97005,-0.885046
7.4,-0.284736,-1.98971,-0.885046
7.5,-0.268651,-2.00936,-0.885046
7.6,-0.252567,-2.02902,-0.885046
7.7,-0.236482,-2.04868,-0.885046
7.8,-0.220397,-2.06834,-0.885046
7.9,-0.204313,-2.088,-0.885046
8,-0.188228,-2.10765,-0.885046
8.1,-0.172144,-2.12731,-0.885046
8.2,-0.156059,-2.14697,-0.885046
8.3,-0.139974,-2.16663,-0.885046
8.4,-0.12389,-2.18629,-0.885046
8.5,-0.107805,-2.20595,-0.885046
8.6,-0.0917203,-2.2256,-0.885046
8.7,-0.0756356,-2.24526,-0.885046
8.8,-0.059551,-2.26492,-0.885046
8.9,-0.0434663,-2.28458,-0.885046
9,-0.0273817,-2.30424,-0.885046
9.1,-0.011297,-2.32389,-0.885046
9.2,0.0047876,-2.34355,-0.885046
9.3,0.0208722,-2.36321,-0.885046
9.4,0.0369569,-2.38287,-0.885046
9.5,0.0530415,-2.40253,-0.885046
9.6,0.0691262,-2.42219,-0.885046
9.7,0.0852108,-2.44184,-0.885046
9.8,0.101295,-2.4615,-0.885046
9.9,0.11738,-2.48116,-0.885046
10,0.133465,-2.50082,-0.885046
10.1,0.149549,-2.52048,-0.885046
10.2,0.165634,-2.54013,-0.885046
10.3,0.181719,-2.55979,-0.885046
10.4,0.197803,-2.57945,-0.885046
10.5,0.213888,-2.59911,-0.885046
10.6,0.229973,-2.61877,-0.885046
10.7,0.246057,-2.63843,-0.885046
10.8,0.262142,-2.65808,-0.885046
10.9,0.262142,-2.65808,-0.885046
11,0.269476,-2.66754,-0.937406
11.1,0.276304,-2.67737,-0.989766
11.2,0.282609,-2.68754,-1.04213
11.3,0.288373,-2.69803,-1.09449
11.4,0.293581,-2.70881,-1.14685
11.5,0.298217,-2.71984,-1.19921
11.6,0.302269,-2.7311,-1.25157
11.7,0.305726,-2.74256,-1.30392
11.8,0.308579,-2.75418,-1.35628
11.9,0.31082,-2.76594,-1.40864
12,0.312442,-2.7778,-1.461
12.1,0.313441,-2.78972,-1.51336
12.2,0.313815,-2.80169,-1.56572
12.3,0.313563,-2.81365,-1.61808
12.4,0.312684,-2.82559,-1.67044
12.5,0.311182,-2.83746,-1.7228
12.6,0.309061,-2.84924,-1.77516
12.7,0.306326,-2.86089,-1.82752
12.8,0.302985,-2.87238,-1.87988
12.9,0.299048,-2.88368,-1.93224
13,0.294524,-2.89477,-1.9846
13.1,0.289426,-2.90559,-2.03696
13.2,0.283769,-2.91614,-2.08932
13.3,0.277567,-2.92638,-2.14168
13.4,0.270839,-2.93627,-2.19404
13.5,0.263601,-2.94581,-2.2464
13.6,0.255875,-2.95495,-2.29876
13.7,0.247681,-2.96367,-2.35112
13.8,0.239041,-2.97195,-2.40348
13.9,0.22998,-2.97977,-2.45584
14,0.220522,-2.9871,-2.5082
14.1,0.210694,-2.99393,-2.56056
14.2,0.200521,-3.00024,-2.61292
14.3,0.190032,-3.006,-2.66528
14.4,0.179256,-3.01121,-2.71764
14.5,0.168223,-3.01584,-2.77
14.6,0.156961,-3.0199,-2.82236
14.7,0.145504,-3.02335,-2.87472
14.8,0.133881,-3.02621,-2.92708
14.9,0.122124,-3.02845,-2.97944
15,0.110266,-3.03007,-3.0318
15.1,0.0983401,-3.03107,-3.08416
15.2,0.0863779,-3.03144,-3.13652
15.3,0.0744124,-3.03119,-3.18888
15.4,0.0624766,-3.03031,-3.24124
15.5,0.0506031,-3.02881,-3.2936
15.6,0.0388245,-3.02669,-3.34596
15.7,0.0271731,-3.02395,-3.39832
15.8,0.0156807,-3.02061,-3.45068
15.9,0.004379,-3.01667,-3.50304
16,-0.00670117,-3.01215,-3.5554
16.1,-0.0175294,-3.00705,-3.60776
16.2,-0.028076,-3.0014,-3.66012
16.3,-0.0383121,-2.99519,-3.71248
16.4,-0.0482095,-2.98847,-3.76484
16.5,-0.0577413,-2.98123,-3.8172
16.6,-0.0668812,-2.9735,-3.86956
16.7,-0.0756043,-2.96531,-3.92192
16.8,-0.0756043,-2.96531,-3.92192
16.9,-0.0916889,-2.94565,2.25655
17,-0.107774,-2.92599,2.25655
17.1,-0.123858,-2.90633,2.25655
17.2,-0.139943,-2.88668,2.25655
17.3,-0.156028,-2.86702,2.25655
17.4,-0.172112,-2.84736,2.25655
17.5,-0.188197,-2.8277,2.25655
17.6,-0.204281,-2.80804,2.25655
17.7,-0.220366,-2.78838,2.25655
17.8,-0.236451,-2.76873,2.25655
17.9,-0.252535,-2.74907,2.25655
18,-0.26862,-2.72941,2.25655
18.1,-0.284705,-2.70975,2.25655
18.2,-0.300789,-2.69009,2.25655
18.3,-0.316874,-2.67044,2.25655
18.4,-0.332959,-2.65078,2.25655
18.5,-0.349043,-2.63112,2.25655
18.6,-0.365128,-2.61146,2.25655
18.7,-0.381213,-2.5918,2.25655
18.8,-0.397297,-2.57214,2.25655
18.9,-0.413382,-2.55249,2.25655
19,-0.429467,-2.53283,2.25655
19.1,-0.445551,-2.51317,2.25655
19.2,-0.461636,-2.49351,2.25655
19.3,-0.47772,-2.47385,2.25655
19.4,-0.493805,-2.4542,2.25655
19.5,-0.50989,-2.43454,2.25655
19.6,-0.525974,-2.41488,2.25655
19.7,-0.542059,-2.39522,2.25655
19.8,-0.558144,-2.37556,2.25655
19.9,-0.574228,-2.3559,2.25655
20,-0.590313,-2.33625,2.25655
20.1,-0.606398,-2.31659,2.25655
20.2,-0.622482,-2.29693,2.25655
20.3,-0.638567,-2.27727,2.25655
20.4,-0.654652,-2.25761,2.25655
20.5,-0.670736,-2.23796,2.25655
20.6,-0.686821,-2.2183,2.25655
20.7,-0.702906,-2.19864,2.25655
20.8,-0.71899,-2.17898,2.25655
20.9,-0.735075,-2.15932,2.25655
21,-0.751159,-2.13966,2.25655
21.1,-0.767244,-2.12001,2.25655
21.2,-0.783329,-2.10035,2.25655
21.3,-0.799413,-2.08069,2.25655
21.4,-0.815498,-2.06103,2.25655
21.5,-0.831583,-2.04137,2.25655
21.6,-0.847667,-2.02172,2.25655
21.7,-0.863752,-2.00206,2.25655
21.8,-0.879837,-1.9824,2.25655
21.9,-0.895921,-1.96274,2.25655
22,-0.912006,-1.94308,2.25655
22.1,-0.928091,-1.92342,2.25655
22.2,-0.944175,-1.90377,2.25655
22.3,-0.96026,-1.88411,2.25655
22.4,-0.976345,-1.86445,2.25655
22.5,-0.992429,-1.84479,2.25655
22.6,-1.00851,-1.82513,2.25655
22.7,-1.0246,-1.80548,2.25655
22.8,-1.04068,-1.78582,2.25655
22.9,-1.05677,-1.76616,2.25655
23,-1.07285,-1.7465,2.25655
23.1,-1.08894,-1.72684,2.25655
23.2,-1.10502,-1.70718,2.25655
23.3,-1.12111,-1.68753,2.25655
23.4,-1.13719,-1.66787,2.25655
23.5,-1.15328,-1.64821,2.25655
23.6,-1.16936,-1.62855,2.25655
23.7,-1.18544,-1.60889,2.25655
23.8,-1.20153,-1.58924,2.25655
23.9,-1.21761,-1.56958,2.25655
24,-1.2337,-1.54992,2.25655
24.1,-1.24978,-1.53026,2.25655
24.2,-1.26587,-1.5106,2.25655
24.3,-1.28195,-1.49094,2.25655
24.4,-1.29804,-1.47129,2.25655
24.5,-1.31412,-1.45163,2.25655
24.6,-1.33021,-1.43197,2.25655
24.7,-1.34629,-1.41231,2.25655
24.8,-1.36238,-1.39265,2.25655
24.9,-1.37846,-1.373,2.25655
25,-1.39455,-1.35334,2.25655
25.1,-1.41063,-1.33368,2.25655
25.2,-1.42671,-1.31402,2.25655
25.3,-1.4428,-1.29436,2.25655
25.4,-1.45888,-1.2747,2.25655
25.5,-1.47497,-1.25505,2.25655
25.6,-1.49105,-1.23539,2.25655
25.7,-1.50714,-1.21573,2.25655
25.8,-1.52322,-1.19607,2.25655
25.9,-1.53931,-1.17641,2.25655
26,-1.55539,-1.15676,2.25655
26.1,-1.57148,-1.1371,2.25655
26.2,-1.58756,-1.11744,2.25655
26.3,-1.60365,-1.09778,2.25655
26.4,-1.61973,-1.07812,2.25655
26.5,-1.63582,-1.05846,2.25655
26.6,-1.6519,-1.03881,2.25655
26.7,-1.66798,-1.01915,2.25655
26.8,-1.68407,-0.99949,2.25655
26.9,-1.70015,-0.979832,2.25655
27,-1.71624,-0.960173,2.25655
27.1,-1.71624,-0.960173,2.25655
27.2,-1.72406,-0.951112,2.30891
27.3,-1.73234,-0.942473,2.36127
27.4,-1.74106,-0.934279,2.41363
27.5,-1.7502,-0.926552,2.46599
27.6,-1.75973,-0.919315,2.51835
27.7,-1.76963,-0.912586,2.57071
27.8,-1.77987,-0.906385,2.62307
27.9,-1.79041,-0.900727,2.67543
28,-1.80124,-0.89563,2.72779
28.1,-1.81232,-0.891106,2.78015
28.2,-1.82362,-0.887168,2.83251
28.3,-1.83512,-0.883827,2.88486
28.4,-1.84677,-0.881093,2.93722
28.5,-1.85855,-0.878971,2.98958
28.6,-1.87042,-0.877469,3.04194
28.7,-1.88236,-0.876591,3.0943
28.8,-1.89432,-0.876338,3.14666
28.9,-1.90628,-0.876712,3.19902
29,-1.91821,-0.877712,3.25138
29.1,-1.93007,-0.879334,3.30374
29.2,-1.94182,-0.881575,3.3561
29.3,-1.95345,-0.884427,3.40846
29.4,-1.9649,-0.887885,3.46082
29.5,-1.97617,-0.891937,3.51318
29.6,-1.9872,-0.896573,3.56554
29.7,-1.99798,-0.90178,3.6179
29.8,-2.00846,-0.907544,3.67026
29.9,-2.01864,-0.913849,3.72262
30,-2.02847,-0.920678,3.77498
30.1,-2.03792,-0.928012,3.82734
30.2,-2.04698,-0.93583,3.8797
30.3,-2.05562,-0.944112,3.93206
30.4,-2.06382,-0.952835,3.98442
30.5,-2.07154,-0.961975,4.03678
30.6,-2.07878,-0.971507,4.08914
30.7,-2.08551,-0.981405,4.1415
30.8,-2.09171,-0.991641,4.19386
30.9,-2.09737,-1.00219,4.24622
31,-2.10247,-1.01302,4.29858
31.1,-2.10699,-1.0241,4.35094
31.2,-2.11093,-1.0354,4.4033
31.3,-2.11427,-1.04689,4.45566
31.4,-2.117,-1.05854,4.50802
31.5,-2.11913,-1.07032,4.56038
31.6,-2.12063,-1.08219,4.61274
31.7,-2.12151,-1.09413,4.6651
31.8,-2.12176,-1.10609,4.71746
31.9,-2.12139,-1.11806,4.76982
32,-2.12039,-1.12998,4.82218
32.1,-2.11876,-1.14184,4.87454
32.2,-2.11652,-1.1536,4.9269
32.3,-2.11367,-1.16522,4.97926
32.4,-2.11021,-1.17668,5.03162
32.5,-2.10616,-1.18794,5.08398
32.6,-2.10152,-1.19897,5.13634
32.7,-2.09632,-1.20975,5.1887
32.8,-2.09055,-1.22024,5.24106
32.9,-2.08425,-1.23041,5.29342
33,-2.07742,-1.24024,5.34578
33.1,-2.07742,-1.24024,5.34578
33.2,-2.06133,-1.2599,-0.885046
33.3,-2.04525,-1.27956,-0.885046
33.4,-2.02917,-1.29921,-0.885046
33.5,-2.01308,-1.31887,-0.885046
33.6,-1.997,-1.33853,-0.885046
33.7,-1.98091,-1.35819,-0.885046
33.8,-1.96483,-1.37785,-0.885046
33.9,-1.94874,-1.3975,-0.885046
34,-1.93266,-1.41716,-0.885046
34.1,-1.91657,-1.43682,-0.885046
34.2,-1.90049,-1.45648,-0.885046
34.3,-1.8844,-1.47614,-0.885046
34.4,-1.86832,-1.4958,-0.885046
34.5,-1.85223,-1.51545,-0.885046
34.6,-1.83615,-1.53511,-0.885046
34.7,-1.82007,-1.55477,-0.885046
34.8,-1.80398,-1.57443,-0.885046
34.9,-1.7879,-1.59409,-0.885046
35,-1.77181,-1.61374,-0.885046
35.1,-1.75573,-1.6334,-0.885046
35.2,-1.73964,-1.65306,-0.885046
35.3,-1.72356,-1.67272,-0.885046
35.4,-1.70747,-1.69238,-0.885046
35.5,-1.69139,-1.71204,-0.885046
35.6,-1.6753,-1.73169,-0.885046
35.7,-1.65922,-1.75135,-0.885046
35.8,-1.64313,-1.77101,-0.885046
35.9,-1.62705,-1.79067,-0.885046
36,-1.61096,-1.81033,-0.885046
36.1,-1.59488,-1.82998,-0.885046
36.2,-1.5788,-1.84964,-0.885046
36.3,-1.56271,-1.8693,-0.885046
36.4,-1.54663,-1.88896,-0.885046
36.5,-1.53054,-1.90862,-0.885046
36.6,-1.51446,-1.92828,-0.885046
36.7,-1.49837,-1.94793,-0.885046
36.8,-1.48229,-1.96759,-0.885046
36.9,-1.4662,-1.98725,-0.885046
37,-1.45012,-2.00691,-0.885046
37.1,-1.43403,-2.02657,-0.885046
37.2,-1.41795,-2.04622,-0.885046
37.3,-1.40186,-2.06588,-0.885046
37.4,-1.38578,-2.08554,-0.885046
37.5,-1.36969,-2.1052,-0.885046
37.6,-1.35361,-2.12486,-0.885046
37.7,-1.33753,-2.14452,-0.885046
37.8,-1.32144,-2.16417,-0.885046
37.9,-1.30536,-2.18383,-0.885046
38,-1.28927,-2.20349,-0.885046
38.1,-1.27319,-2.22315,-0.885046
38.2,-1.2571,-2.24281,-0.885046
38.3,-1.24102,-2.26246,-0.885046
38.4,-1.22493,-2.28212,-0.885046
38.5,-1.20885,-2.30178,-0.885046
38.6,-1.19276,-2.32144,-0.885046
38.7,-1.17668,-2.3411,-0.885046
38.8,-1.16059,-2.36076,-0.885046
38.9,-1.14451,-2.38041,-0.885046
39,-1.12843,-2.40007,-0.885046
39.1,-1.11234,-2.41973,-0.885046
39.2,-1.09626,-2.43939,-0.885046
39.3,-1.08017,-2.45905,-0.885046
39.4,-1.06409,-2.4787,-0.885046
39.5,-1.048,-2.49836,-0.885046
39.6,-1.03192,-2.51802,-0.885046
39.7,-1.01583,-2.53768,-0.885046
39.8,-0.999748,-2.55734,-0.885046
39.9,-0.983663,-2.577,-0.885046
40,-0.967579,-2.59665,-0.885046
40.1,-0.951494,-2.61631,-0.885046
40.2,-0.935409,-2.63597,-0.885046
40.3,-0.919325,-2.65563,-0.885046
40.4,-0.90324,-2.67529,-0.885046
40.5,-0.887156,-2.69494,-0.885046
40.6,-0.871071,-2.7146,-0.885046
40.7,-0.854986,-2.73426,-0.885046
40.8,-0.838902,-2.75392,-0.885046
40.9,-0.822817,-2.77358,-0.885046
41,-0.806732,-2.79324,-0.885046
41.1,-0.790648,-2.81289,-0.885046
41.2,-0.774563,-2.83255,-0.885046
41.3,-0.758478,-2.85221,-0.885046
41.4,-0.742394,-2.87187,-0.885046
41.5,-0.726309,-2.89153,-0.885046
41.6,-0.710224,-2.91118,-0.885046
41.7,-0.69414,-2.93084,-0.885046
41.8,-0.678055,-2.9505,-0.885046
41.9,-0.66197,-2.97016,-0.885046
42,-0.645886,-2.98982,-0.885046
42.1,-0.629801,-3.00948,-0.885046
42.2,-0.613717,-3.02913,-0.885046
42.3,-0.597632,-3.04879,-0.885046
42.4,-0.581547,-3.06845,-0.885046
42.5,-0.565463,-3.08811,-0.885046
42.6,-0.549378,-3.10777,-0.885046
42.7,-0.533293,-3.12742,-0.885046
42.8,-0.517209,-3.14708,-0.885046
42.9,-0.501124,-3.16674,-0.885046
43,-0.485039,-3.1864,-0.885046
43.1,-0.468955,-3.20606,-0.885046
43.2,-0.45287,-3.22572,-0.885046
43.3,-0.45287,-3.22572,-0.885046
43.4,-0.445536,-3.23517,-0.937406
43.5,-0.438708,-3.245,-0.989766
43.6,-0.432403,-3.25517,-1.04213
43.7,-0.426639,-3.26566,-1.09449
43.8,-0.421431,-3.27644,-1.14685
43.9,-0.416795,-3.28747,-1.19921
44,-0.412743,-3.29873,-1.25157
44.1,-0.409286,-3.31019,-1.30392
44.2,-0.406433,-3.32182,-1.35628
44.3,-0.404192,-3.33357,-1.40864
44.4,-0.40257,-3.34543,-1.461
44.5,-0.401571,-3.35736,-1.51336
44.6,-0.401197,-3.36932,-1.56572
44.7,-0.401449,-3.38128,-1.61808
44.8,-0.402328,-3.39322,-1.67044
44.9,-0.40383,-3.40509,-1.7228
45,-0.405951,-3.41687,-1.77516
45.1,-0.408686,-3.42852,-1.82752
45.2,-0.412027,-3.44001,-1.87988
45.3,-0.415964,-3.45132,-1.93224
45.4,-0.420488,-3.4624,-1.9846
45.5,-0.425586,-3.47323,-2.03696
45.6,-0.431243,-3.48377,-2.08932
45.7,-0.437445,-3.49401,-2.14168
45.8,-0.444173,-3.50391,-2.19404
45.9,-0.451411,-3.51344,-2.2464
46,-0.459137,-3.52258,-2.29876
46.1,-0.467331,-3.5313,-2.35112
46.2,-0.475971,-3.53958,-2.40348
46.3,-0.485032,-3.5474,-2.45584
46.4,-0.49449,-3.55473,-2.5082
46.5,-0.504318,-3.56156,-2.56056
46.6,-0.514491,-3.56787,-2.61292
46.7,-0.52498,-3.57363,-2.66528
46.8,-0.535756,-3.57884,-2.71764
46.9,-0.546789,-3.58348,-2.77
47,-0.558051,-3.58753,-2.82236
47.1,-0.569508,-3.59098,-2.87472
47.2,-0.581132,-3.59384,-2.92708
47.3,-0.592888,-3.59608,-2.97944
47.4,-0.604746,-3.5977,-3.0318
47.5,-0.616672,-3.5987,-3.08416
47.6,-0.628634,-3.59907,-3.13652
47.7,-0.6406,-3.59882,-3.18888
47.8,-0.652535,-3.59794,-3.24124
47.9,-0.664409,-3.59644,-3.2936
48,-0.676187,-3.59432,-3.34596
48.1,-0.687839,-3.59159,-3.39832
48.2,-0.699331,-3.58824,-3.45068
48.3,-0.710633,-3.58431,-3.50304
48.4,-0.721713,-3.57978,-3.5554
48.5,-0.732541,-3.57469,-3.60776
48.6,-0.743088,-3.56903,-3.66012
48.7,-0.753324,-3.56283,-3.71248
48.8,-0.763222,-3.5561,-3.76484
48.9,-0.772753,-3.54886,-3.8172
49,-0.781893,-3.54113,-3.86956
49.1,-0.790616,-3.53294,-3.92192
49.2,-0.790616,-3.53294,-3.92192
49.3,-0.806701,-3.51328,2.25655
49.4,-0.822786,-3.49362,2.25655
49.5,-0.83887,-3.47397,2.25655
49.6,-0.854955,-3.45431,2.25655
49.7,-0.87104,-3.43465,2.25655
49.8,-0.887124,-3.41499,2.25655
49.9,-0.903209,-3.39533,2.25655
50,-0.919293,-3.37567,2.25655
50.1,-0.935378,-3.35602,2.25655
50.2,-0.951463,-3.33636,2.25655
50.3,-0.967547,-3.3167,2.25655
50.4,-0.983632,-3.29704,2.25655
50.5,-0.999717,-3.27738,2.25655
50.6,-1.0158,-3.25773,2.25655
50.7,-1.03189,-3.23807,2.25655
50.8,-1.04797,-3.21841,2.25655
50.9,-1.06406,-3.19875,2.25655
51,-1.08014,-3.17909,2.25655
51.1,-1.09622,-3.15943,2.25655
51.2,-1.11231,-3.13978,2.25655
51.3,-1.12839,-3.12012,2.25655
51.4,-1.14448,-3.10046,2.25655
51.5,-1.16056,-3.0808,2.25655
51.6,-1.17665,-3.06114,2.25655
51.7,-1.19273,-3.04149,2.25655
51.8,-1.20882,-3.02183,2.25655
51.9,-1.2249,-3.00217,2.25655
52,-1.24099,-2.98251,2.25655
52.1,-1.25707,-2.96285,2.25655
52.2,-1.27316,-2.94319,2.25655
52.3,-1.28924,-2.92354,2.25655
52.4,-1.30533,-2.90388,2.25655
52.5,-1.32141,-2.88422,2.25655
52.6,-1.33749,-2.86456,2.25655
52.7,-1.35358,-2.8449,2.25655
52.8,-1.36966,-2.82525,2.25655
52.9,-1.38575,-2.80559,2.25655
53,-1.40183,-2.78593,2.25655
53.1,-1.41792,-2.76627,2.25655
53.2,-1.434,-2.74661,2.25655
53.3,-1.45009,-2.72695,2.25655
53.4,-1.46617,-2.7073,2.25655
53.5,-1.48226,-2.68764,2.25655
53.6,-1.49834,-2.66798,2.25655
53.7,-1.51443,-2.64832,2.25655
53.8,-1.53051,-2.62866,2.25655
53.9,-1.54659,-2.60901,2.25655
54,-1.56268,-2.58935,2.25655
54.1,-1.57876,-2.56969,2.25655
54.2,-1.59485,-2.55003,2.25655
54.3,-1.61093,-2.53037,2.25655
54.4,-1.62702,-2.51071,2.25655
54.5,-1.6431,-2.49106,2.25655
54.6,-1.65919,-2.4714,2.25655
54.7,-1.67527,-2.45174,2.25655
54.8,-1.69136,-2.43208,2.25655
54.9,-1.70744,-2.41242,2.25655
55,-1.72353,-2.39277,2.25655
55.1,-1.73961,-2.37311,2.25655
55.2,-1.7557,-2.35345,2.25655
55.3,-1.77178,-2.33379,2.25655
55.4,-1.78786,-2.31413,2.25655
55.5,-1.80395,-2.29447,2.25655
55.6,-1.82003,-2.27482,2.25655
55.7,-1.83612,-2.25516,2.25655
55.8,-1.83612,-2.25516,2.25655
55.9,-1.84394,-2.2461,2.30891
56,-1.85222,-2.23746,2.36127
56.1,-1.86094,-2.22926,2.41363
56.2,-1.87008,-2.22154,2.46599
56.3,-1.87961,-2.2143,2.51835
56.4,-1.88951,-2.20757,2.57071
56.5,-1.89975,-2.20137,2.62307
56.6,-1.91029,-2.19571,2.67543
56.7,-1.92112,-2.19061,2.72779
56.8,-1.9322,-2.18609,2.78015
56.9,-1.9435,-2.18215,2.83251
57,-1.955,-2.17881,2.88486
57.1,-1.96665,-2.17608,2.93722
57.2,-1.97843,-2.17396,2.98958
57.3,-1.9903,-2.17245,3.04194
57.4,-2.00224,-2.17158,3.0943
57.5,-2.0142,-2.17132,3.14666
57.6,-2.02616,-2.1717,3.19902
57.7,-2.03809,-2.1727,3.25138
57.8,-2.04995,-2.17432,3.30374
57.9,-2.0617,-2.17656,3.3561
58,-2.07333,-2.17941,3.40846
58.1,-2.08479,-2.18287,3.46082
58.2,-2.09605,-2.18692,3.51318
58.3,-2.10708,-2.19156,3.56554
58.4,-2.11786,-2.19676,3.6179
58.5,-2.12834,-2.20253,3.67026
58.6,-2.13852,-2.20883,3.72262
58.7,-2.14835,-2.21566,3.77498
58.8,-2.1578,-2.223,3.82734
58.9,-2.16686,-2.23081,3.8797
59,-2.1755,-2.2391,3.93206
59.1,-2.1837,-2.24782,3.98442
59.2,-2.19142,-2.25696,4.03678
59.3,-2.19866,-2.26649,4.08914
59.4,-2.20539,-2.27639,4.1415
59.5,-2.21159,-2.28663,4.19386
59.6,-2.21725,-2.29717,4.24622
59.7,-2.22235,-2.308,4.29858
59.8,-2.22687,-2.31908,4.35094
59.9,-2.23081,-2.33038,4.4033
60,-2.23415,-2.34187,4.45566
60.1,-2.23688,-2.35353,4.50802
60.2,-2.23901,-2.3653,4.56038
60.3,-2.24051,-2.37718,4.61274
60.4,-2.24139,-2.38911,4.6651
60.5,-2.24164,-2.40108,4.71746
60.6,-2.24127,-2.41304,4.76982
60.7,-2.24027,-2.42497,4.82218
60.8,-2.23864,-2.43683,4.87454
60.9,-2.2364,-2.44858,4.9269
61,-2.23355,-2.4602,4.97926
61.1,-2.23009,-2.47166,5.03162
61.2,-2.22604,-2.48292,5.08398
61.3,-2.2214,-2.49396,5.13634
61.4,-2.2162,-2.50473,5.1887
61.5,-2.21043,-2.51522,5.24106
61.6,-2.20413,-2.52539,5.29342
61.7,-2.1973,-2.53522,5.34578
61.8,-2.1973,-2.53522,5.34578
61.9,-2.18121,-2.55488,-0.885046
62,-2.16513,-2.57454,-0.885046
62.1,-2.14905,-2.5942,-0.885046
62.2,-2.13296,-2.61386,-0.885046
62.3,-2.11688,-2.63351,-0.885046
62.4,-2.10079,-2.65317,-0.885046
62.5,-2.08471,-2.67283,-0.885046
62.6,-2.06862,-2.69249,-0.885046
62.7,-2.05254,-2.71215,-0.885046
62.8,-2.03645,-2.73181,-0.885046
62.9,-2.02037,-2.75146,-0.885046
63,-2.00428,-2.77112,-0.885046
63.1,-1.9882,-2.79078,-0.885046
63.2,-1.97211,-2.81044,-0.885046
63.3,-1.95603,-2.8301,-0.885046
63.4,-1.93995,-2.84975,-0.885046
63.5,-1.92386,-2.86941,-0.885046
63.6,-1.90778,-2.88907,-0.885046
63.7,-1.89169,-2.90873,-0.885046
63.8,-1.87561,-2.92839,-0.885046
63.9,-1.85952,-2.94805,-0.885046
64,-1.84344,-2.9677,-0.885046
64.1,-1.82735,-2.98736,-0.885046
64.2,-1.81127,-3.00702,-0.885046
64.3,-1.79518,-3.02668,-0.885046
64.4,-1.7791,-3.04634,-0.885046
64.5,-1.76301,-3.06599,-0.885046
64.6,-1.74693,-3.08565,-0.885046
64.7,-1.73084,-3.10531,-0.885046
64.8,-1.71476,-3.12497,-0.885046
64.9,-1.69868,-3.14463,-0.885046
65,-1.68259,-3.16429,-0.885046
65.1,-1.66651,-3.18394,-0.885046
65.2,-1.65042,-3.2036,-0.885046
65.3,-1.63434,-3.22326,-0.885046
65.4,-1.61825,-3.24292,-0.885046
65.5,-1.60217,-3.26258,-0.885046
65.6,-1.58608,-3.28223,-0.885046
65.7,-1.57,-3.30189,-0.885046
65.8,-1.55391,-3.32155,-0.885046
65.9,-1.53783,-3.34121,-0.885046
66,-1.52174,-3.36087,-0.885046
66.1,-1.50566,-3.38053,-0.885046
66.2,-1.48958,-3.40018,-0.885046
66.3,-1.47349,-3.41984,-0.885046
66.4,-1.45741,-3.4395,-0.885046
66.5,-1.44132,-3.45916,-0.885046
66.6,-1.42524,-3.47882,-0.885046
66.7,-1.40915,-3.49847,-0.885046
66.8,-1.39307,-3.51813,-0.885046
66.9,-1.37698,-3.53779,-0.885046
67,-1.3609,-3.55745,-0.885046
67.1,-1.34481,-3.57711,-0.885046
67.2,-1.32873,-3.59677,-0.885046
67.3,-1.31264,-3.61642,-0.885046
67.4,-1.29656,-3.63608,-0.885046
67.5,-1.28047,-3.65574,-0.885046
67.6,-1.26439,-3.6754,-0.885046
67.7,-1.24831,-3.69506,-0.885046
67.8,-1.23222,-3.71471,-0.885046
67.9,-1.21614,-3.73437,-0.885046
68,-1.20005,-3.75403,-0.885046
68.1,-1.18397,-3.77369,-0.885046
68.2,-1.16788,-3.79335,-0.885046
68.3,-1.1518,-3.81301,-0.885046
68.4,-1.1518,-3.81301,-0.885046
68.5,-1.14446,-3.82246,-0.937406
68.6,-1.13763,-3.83229,-0.989766
68.7,-1.13133,-3.84246,-1.04213
68.8,-1.12557,-3.85295,-1.09449
68.9,-1.12036,-3.86373,-1.14685
69,-1.11572,-3.87476,-1.19921
69.1,-1.11167,-3.88602,-1.25157
69.2,-1.10821,-3.89748,-1.30392
69.3,-1.10536,-3.90911,-1.35628
69.4,-1.10312,-3.92086,-1.40864
69.5,-1.1015,-3.93272,-1.461
69.6,-1.1005,-3.94465,-1.51336
69.7,-1.10012,-3.95661,-1.56572
69.8,-1.10038,-3.96857,-1.61808
69.9,-1.10126,-3.98051,-1.67044
70,-1.10276,-3.99238,-1.7228
70.1,-1.10488,-4.00416,-1.77516
70.2,-1.10761,-4.01581,-1.82752
70.3,-1.11095,-4.0273,-1.87988
70.4,-1.11489,-4.03861,-1.93224
70.5,-1.11942,-4.04969,-1.9846
70.6,-1.12451,-4.06052,-2.03696
70.7,-1.13017,-4.07106,-2.08932
70.8,-1.13637,-4.0813,-2.14168
70.9,-1.1431,-4.0912,-2.19404
71,-1.15034,-4.10073,-2.2464
71.1,-1.15806,-4.10987,-2.29876
71.2,-1.16626,-4.11859,-2.35112
71.3,-1.1749,-4.12687,-2.40348
71.4,-1.18396,-4.13469,-2.45584
71.5,-1.19342,-4.14202,-2.5082
71.6,-1.20325,-4.14885,-2.56056
71.7,-1.21342,-4.15516,-2.61292
71.8,-1.22391,-4.16092,-2.66528
71.9,-1.23468,-4.16613,-2.71764
72,-1.24572,-4.17077,-2.77
72.1,-1.25698,-4.17482,-2.82236
72.2,-1.26844,-4.17827,-2.87472
72.3,-1.28006,-4.18113,-2.92708
72.4,-1.29182,-4.18337,-2.97944
72.5,-1.30367,-4.18499,-3.0318
72.6,-1.3156,-4.18599,-3.08416
72.7,-1.32756,-4.18636,-3.13652
72.8,-1.33953,-4.18611,-3.18888
72.9,-1.35146,-4.18523,-3.24124
73,-1.36334,-4.18373,-3.2936
73.1,-1.37511,-4.18161,-3.34596
73.2,-1.38677,-4.17888,-3.39832
73.3,-1.39826,-4.17553,-3.45068
73.4,-1.40956,-4.1716,-3.50304
73.5,-1.42064,-4.16707,-3.5554
73.6,-1.43147,-4.16198,-3.60776
73.7,-1.44202,-4.15632,-3.66012
73.8,-1.45225,-4.15012,-3.71248
73.9,-1.46215,-4.14339,-3.76484
74,-1.47168,-4.13615,-3.8172
74.1,-1.48082,-4.12842,-3.86956
74.2,-1.48954,-4.12023,-3.92192
74.3,-1.48954,-4.12023,-3.92192
74.4,-1.50563,-4.10057,2.25655
74.5,-1.52171,-4.08091,2.25655
74.6,-1.5378,-4.06126,2.25655
74.7,-1.55388,-4.0416,2.25655
74.8,-1.56997,-4.02194,2.25655
74.9,-1.58605,-4.00228,2.25655
75,-1.60214,-3.98262,2.25655
75.1,-1.61822,-3.96296,2.25655
75.2,-1.63431,-3.94331,2.25655
75.3,-1.65039,-3.92365,2.25655
75.4,-1.66647,-3.90399,2.25655
75.5,-1.68256,-3.88433,2.25655
75.6,-1.69864,-3.86467,2.25655
75.7,-1.71473,-3.84502,2.25655
75.8,-1.73081,-3.82536,2.25655
75.9,-1.7469,-3.8057,2.25655
76,-1.76298,-3.78604,2.25655
76.1,-1.77907,-3.76638,2.25655
76.2,-1.79515,-3.74672,2.25655
76.3,-1.81124,-3.72707,2.25655
76.4,-1.82732,-3.70741,2.25655
76.5,-1.84341,-3.68775,2.25655
76.6,-1.85949,-3.66809,2.25655
76.7,-1.87558,-3.64843,2.25655
76.8,-1.89166,-3.62878,2.25655
76.9,-1.90774,-3.60912,2.25655
77,-1.92383,-3.58946,2.25655
77.1,-1.93991,-3.5698,2.25655
77.2,-1.956,-3.55014,2.25655
77.3,-1.97208,-3.53048,2.25655
77.4,-1.98817,-3.51083,2.25655
77.5,-2.00425,-3.49117,2.25655
77.6,-2.02034,-3.47151,2.25655
77.7,-2.03642,-3.45185,2.25655
77.8,-2.05251,-3.43219,2.25655
77.9,-2.06859,-3.41254,2.25655
78,-2.08468,-3.39288,2.25655
78.1,-2.10076,-3.37322,2.25655
78.2,-2.11684,-3.35356,2.25655
78.3,-2.13293,-3.3339,2.25655
78.4,-2.14901,-3.31424,2.25655
78.5,-2.1651,-3.29459,2.25655
78.6,-2.18118,-3.27493,2.25655
78.7,-2.19727,-3.25527,2.25655
78.8,-2.21335,-3.23561,2.25655
78.9,-2.22944,-3.21595,2.25655
79,-2.24552,-3.1963,2.25655
79.1,-2.26161,-3.17664,2.25655
79.2,-2.27769,-3.15698,2.25655
79.3,-2.29378,-3.13732,2.25655
79.4,-2.30986,-3.11766,2.25655
79.5,-2.32595,-3.098,2.25655
79.6,-2.34203,-3.07835,2.25655
79.7,-2.35811,-3.05869,2.25655
79.8,-2.3742,-3.03903,2.25655
79.9,-2.39028,-3.01937,2.25655
80,-2.40637,-2.99971,2.25655
80.1,-2.42245,-2.98006,2.25655
80.2,-2.43854,-2.9604,2.25655
80.3,-2.45462,-2.94074,2.25655
80.4,-2.47071,-2.92108,2.25655
80.5,-2.47071,-2.92108,2.25655
80.6,-2.47853,-2.91202,2.30891
80.7,-2.48681,-2.90338,2.36127
80.8,-2.49553,-2.89519,2.41363
80.9,-2.50467,-2.88746,2.46599
81,-2.5142,-2.88022,2.51835
81.1,-2.5241,-2.87349,2.57071
81.2,-2.53434,-2.86729,2.62307
81.3,-2.54488,-2.86163,2.67543
81.4,-2.55571,-2.85654,2.72779
81.5,-2.56679,-2.85201,2.78015
81.6,-2.57809,-2.84808,2.83251
81.7,-2.58959,-2.84473,2.88486
81.8,-2.60124,-2.842,2.93722
81.9,-2.61302,-2.83988,2.98958
82,-2.62489,-2.83838,3.04194
82.1,-2.63682,-2.8375,3.0943
82.2,-2.64879,-2.83725,3.14666
82.3,-2.66075,-2.83762,3.19902
82.4,-2.67268,-2.83862,3.25138
82.5,-2.68454,-2.84024,3.30374
82.6,-2.69629,-2.84248,3.3561
82.7,-2.70792,-2.84533,3.40846
82.8,-2.71937,-2.84879,3.46082
82.9,-2.73064,-2.85284,3.51318
83,-2.74167,-2.85748,3.56554
83.1,-2.75244,-2.86269,3.6179
83.2,-2.76293,-2.86845,3.67026
83.3,-2.77311,-2.87476,3.72262
83.4,-2.78293,-2.88158,3.77498
83.5,-2.79239,-2.88892,3.82734
83.6,-2.80145,-2.89674,3.8797
83.7,-2.81009,-2.90502,3.93206
83.8,-2.81829,-2.91374,3.98442
83.9,-2.82601,-2.92288,4.03678
84,-2.83325,-2.93241,4.08914
84.1,-2.83998,-2.94231,4.1415
84.2,-2.84618,-2.95255,4.19386
84.3,-2.85184,-2.96309,4.24622
84.4,-2.85694,-2.97392,4.29858
84.5,-2.86146,-2.985,4.35094
84.6,-2.8654,-2.9963,4.4033
84.7,-2.86874,-3.0078,4.45566
84.8,-2.87147,-3.01945,4.50802
84.9,-2.87359,-3.03123,4.56038
85,-2.8751,-3.0431,4.61274
85.1,-2.87598,-3.05504,4.6651
85.2,-2.87623,-3.067,4.71746
85.3,-2.87585,-3.07896,4.76982
85.4,-2.87485,-3.09089,4.82218
85.5,-2.87323,-3.10275,4.87454
85.6,-2.87099,-3.1145,4.9269
85.7,-2.86814,-3.12613,4.97926
85.8,-2.86468,-3.13759,5.03162
85.9,-2.86063,-3.14885,5.08398
86,-2.85599,-3.15988,5.13634
86.1,-2.85079,-3.17066,5.1887
86.2,-2.84502,-3.18114,5.24106
86.3,-2.83872,-3.19132,5.29342
86.4,-2.83189,-3.20115,5.34578
86.5,-2.83189,-3.20115,5.34578
86.6,-2.8158,-3.2208,-0.885046
86.7,-2.79972,-3.24046,-0.885046
86.8,-2.78363,-3.26012,-0.885046
86.9,-2.76755,-3.27978,-0.885046
87,-2.75147,-3.29944,-0.885046
87.1,-2.73538,-3.3191,-0.885046
87.2,-2.7193,-3.33875,-0.885046
87.3,-2.70321,-3.35841,-0.885046
87.4,-2.68713,-3.37807,-0.885046
87.5,-2.67104,-3.39773,-0.885046
87.6,-2.65496,-3.41739,-0.885046
87.7,-2.63887,-3.43704,-0.885046
87.8,-2.62279,-3.4567,-0.885046
87.9,-2.6067,-3.47636,-0.885046
88,-2.59062,-3.49602,-0.885046
88.1,-2.57453,-3.51568,-0.885046
88.2,-2.55845,-3.53534,-0.885046
88.3,-2.54236,-3.55499,-0.885046
88.4,-2.52628,-3.57465,-0.885046
88.5,-2.5102,-3.59431,-0.885046
88.6,-2.49411,-3.61397,-0.885046
88.7,-2.47803,-3.63363,-0.885046
88.8,-2.46194,-3.65328,-0.885046
88.9,-2.44586,-3.67294,-0.885046
89,-2.42977,-3.6926,-0.885046
89.1,-2.41369,-3.71226,-0.885046
89.2,-2.3976,-3.73192,-0.885046
89.3,-2.38152,-3.75158,-0.885046
89.4,-2.36543,-3.77123,-0.885046
89.5,-2.34935,-3.79089,-0.885046
89.6,-2.33326,-3.81055,-0.885046
89.7,-2.31718,-3.83021,-0.885046
89.8,-2.30109,-3.84987,-0.885046
89.9,-2.28501,-3.86952,-0.885046
90,-2.26893,-3.88918,-0.885046
90.1,-2.25284,-3.90884,-0.885046
90.2,-2.23676,-3.9285,-0.885046
90.3,-2.22067,-3.94816,-0.885046
90.4,-2.20459,-3.96782,-0.885046
90.5,-2.1885,-3.98747,-0.885046
90.6,-2.17242,-4.00713,-0.885046
90.7,-2.15633,-4.02679,-0.885046
90.8,-2.14025,-4.04645,-0.885046
90.9,-2.12416,-4.06611,-0.885046
91,-2.10808,-4.08576,-0.885046
91.1,-2.09199,-4.10542,-0.885046
91.2,-2.07591,-4.12508,-0.885046
91.3,-2.05983,-4.14474,-0.885046
91.4,-2.04374,-4.1644,-0.885046
91.5,-2.02766,-4.18406,-0.885046
91.6,-2.01157,-4.20371,-0.885046
91.7,-1.99549,-4.22337,-0.885046
91.8,-1.9794,-4.24303,-0.885046
91.9,-1.96332,-4.26269,-0.885046
92,-1.94723,-4.28235,-0.885046
92.1,-1.93115,-4.302,-0.885046
92.2,-1.91506,-4.32166,-0.885046
92.3,-1.89898,-4.34132,-0.885046
92.4,-1.88289,-4.36098,-0.885046
92.5,-1.86681,-4.38064,-0.885046
92.6,-1.85072,-4.4003,-0.885046
92.7,-1.83464,-4.41995,-0.885046
92.8,-1.81856,-4.43961,-0.885046
92.9,-1.80247,-4.45927,-0.885046
93,-1.78639,-4.47893,-0.885046
93.1,-1.7703,-4.49859,-0.885046
93.2,-1.75422,-4.51824,-0.885046
93.3,-1.73813,-4.5379,-0.885046
93.4,-1.72205,-4.55756,-0.885046
93.5,-1.70596,-4.57722,-0.885046
93.6,-1.68988,-4.59688,-0.885046
93.7,-1.67379,-4.61654,-0.885046
93.8,-1.65771,-4.63619,-0.885046
93.9,-1.64162,-4.65585,-0.885046
94,-1.62554,-4.67551,-0.885046
94.1,-1.60946,-4.69517,-0.885046
94.2,-1.59337,-4.71483,-0.885046
94.3,-1.57729,-4.73448,-0.885046
94.4,-1.5612,-4.75414,-0.885046
94.5,-1.54512,-4.7738,-0.885046
94.6,-1.52903,-4.79346,-0.885046
94.7,-1.51295,-4.81312,-0.885046
94.8,-1.49686,-4.83278,-0.885046
94.9,-1.48078,-4.85243,-0.885046
95,-1.46469,-4.87209,-0.885046
95.1,-1.44861,-4.89175,-0.885046
95.2,-1.43252,-4.91141,-0.885046
95.3,-1.41644,-4.93107,-0.885046
95.4,-1.40035,-4.95072,-0.885046
95.5,-1.38427,-4.97038,-0.885046
95.6,-1.36819,-4.99004,-0.885046
95.7,-1.3521,-5.0097,-0.885046
95.8,-1.33602,-5.02936,-0.885046
95.9,-1.31993,-5.04902,-0.885046
96,-1.30385,-5.06867,-0.885046
96.1,-1.28776,-5.08833,-0.885046
96.2,-1.27168,-5.10799,-0.885046
96.3,-1.25559,-5.12765,-0.885046
96.4,-1.25559,-5.12765,-0.885046
96.5,-1.24826,-5.13711,-0.937406
96.6,-1.24143,-5.14693,-0.989766
96.7,-1.23513,-5.15711,-1.04213
96.8,-1.22936,-5.1676,-1.09449
96.9,-1.22415,-5.17837,-1.14685
97,-1.21952,-5.18941,-1.19921
97.1,-1.21547,-5.20067,-1.25157
97.2,-1.21201,-5.21212,-1.30392
97.3,-1.20916,-5.22375,-1.35628
97.4,-1.20692,-5.2355,-1.40864
97.5,-1.20529,-5.24736,-1.461
97.6,-1.20429,-5.25929,-1.51336
97.7,-1.20392,-5.27125,-1.56572
97.8,-1.20417,-5.28322,-1.61808
97.9,-1.20505,-5.29515,-1.67044
98,-1.20655,-5.30703,-1.7228
98.1,-1.20867,-5.3188,-1.77516
98.2,-1.21141,-5.33046,-1.82752
98.3,-1.21475,-5.34195,-1.87988
98.4,-1.21869,-5.35325,-1.93224
98.5,-1.22321,-5.36433,-1.9846
98.6,-1.22831,-5.37516,-2.03696
98.7,-1.23397,-5.3857,-2.08932
98.8,-1.24017,-5.39594,-2.14168
98.9,-1.2469,-5.40584,-2.19404
99,-1.25413,-5.41537,-2.2464
99.1,-1.26186,-5.42451,-2.29876
99.2,-1.27005,-5.43323,-2.35112
99.3,-1.27869,-5.44151,-2.40348
99.4,-1.28775,-5.44933,-2.45584
99.5,-1.29721,-5.45667,-2.5082
99.6,-1.30704,-5.4635,-2.56056
99.7,-1.31721,-5.4698,-2.61292
99.8,-1.3277,-5.47556,-2.66528
99.9,-1.33848,-5.48077,-2.71764
100,-1.34951,-5.48541,-2.77
100.1,-1.36077,-5.48946,-2.82236
100.2,-1.37223,-5.49292,-2.87472
100.3,-1.38385,-5.49577,-2.92708
100.4,-1.39561,-5.49801,-2.97944
100.5,-1.40747,-5.49963,-3.0318
100.6,-1.41939,-5.50063,-3.08416
100.7,-1.43136,-5.50101,-3.13652
100.8,-1.44332,-5.50075,-3.18888
100.9,-1.45526,-5.49988,-3.24124
101,-1.46713,-5.49837,-3.2936
101.1,-1.47891,-5.49625,-3.34596
101.2,-1.49056,-5.49352,-3.39832
101.3,-1.50205,-5.49018,-3.45068
101.4,-1.51336,-5.48624,-3.50304
101.5,-1.52444,-5.48172,-3.5554
101.6,-1.53526,-5.47662,-3.60776
101.7,-1.54581,-5.47096,-3.66012
101.8,-1.55605,-5.46476,-3.71248
101.9,-1.56594,-5.45803,-3.76484
102,-1.57548,-5.45079,-3.8172
102.1,-1.58462,-5.44307,-3.86956
102.2,-1.59334,-5.43487,-3.92192
102.3,-1.59334,-5.43487,-3.92192
102.4,-1.60942,-5.41521,2.25655
102.5,-1.62551,-5.39556,2.25655
102.6,-1.64159,-5.3759,2.25655
102.7,-1.65768,-5.35624,2.25655
102.8,-1.67376,-5.33658,2.25655
102.9,-1.68985,-5.31692,2.25655
103,-1.70593,-5.29727,2.25655
103.1,-1.72202,-5.27761,2.25655
103.2,-1.7381,-5.25795,2.25655
103.3,-1.75419,-5.23829,2.25655
103.4,-1.77027,-5.21863,2.25655
103.5,-1.78635,-5.19897,2.25655
103.6,-1.80244,-5.17932,2.25655
103.7,-1.81852,-5.15966,2.25655
103.8,-1.83461,-5.14,2.25655
103.9,-1.85069,-5.12034,2.25655
104,-1.86678,-5.10068,2.25655
104.1,-1.88286,-5.08103,2.25655
104.2,-1.89895,-5.06137,2.25655
104.3,-1.91503,-5.04171,2.25655
104.4,-1.93112,-5.02205,2.25655
104.5,-1.9472,-5.00239,2.25655
104.6,-1.96329,-4.98273,2.25655
104.7,-1.97937,-4.96308,2.25655
104.8,-1.99546,-4.94342,2.25655
104.9,-2.01154,-4.92376,2.25655
105,-2.02762,-4.9041,2.25655
105.1,-2.04371,-4.88444,2.25655
105.2,-2.05979,-4.86479,2.25655
105.3,-2.07588,-4.84513,2.25655
105.4,-2.09196,-4.82547,2.25655
105.5,-2.10805,-4.80581,2.25655
105.6,-2.12413,-4.78615,2.25655
105.7,-2.14022,-4.76649,2.25655
105.8,-2.1563,-4.74684,2.25655
105.9,-2.17239,-4.72718,2.25655
106,-2.18847,-4.70752,2.25655
106.1,-2.20456,-4.68786,2.25655
106.2,-2.22064,-4.6682,2.25655
106.3,-2.23672,-4.64855,2.25655
106.4,-2.25281,-4.62889,2.25655
106.5,-2.26889,-4.60923,2.25655
106.6,-2.28498,-4.58957,2.25655
106.7,-2.30106,-4.56991,2.25655
106.8,-2.31715,-4.55025,2.25655
106.9,-2.33323,-4.5306,2.25655
107,-2.34932,-4.51094,2.25655
107.1,-2.3654,-4.49128,2.25655
107.2,-2.38149,-4.47162,2.25655
107.3,-2.39757,-4.45196,2.25655
107.4,-2.41366,-4.43231,2.25655
107.5,-2.42974,-4.41265,2.25655
107.6,-2.44583,-4.39299,2.25655
107.7,-2.46191,-4.37333,2.25655
107.8,-2.47799,-4.35367,2.25655
107.9,-2.49408,-4.33401,2.25655
108,-2.51016,-4.31436,2.25655
108.1,-2.52625,-4.2947,2.25655
108.2,-2.54233,-4.27504,2.25655
108.3,-2.55842,-4.25538,2.25655
108.4,-2.5745,-4.23572,2.25655
108.5,-2.59059,-4.21607,2.25655
108.6,-2.60667,-4.19641,2.25655
108.7,-2.62276,-4.17675,2.25655
108.8,-2.63884,-4.15709,2.25655
108.9,-2.65493,-4.13743,2.25655
109,-2.67101,-4.11777,2.25655
109.1,-2.6871,-4.09812,2.25655
109.2,-2.70318,-4.07846,2.25655
109.3,-2.71926,-4.0588,2.25655
109.4,-2.73535,-4.03914,2.25655
109.5,-2.75143,-4.01948,2.25655
109.6,-2.76752,-3.99983,2.25655
109.7,-2.7836,-3.98017,2.25655
109.8,-2.79969,-3.96051,2.25655
109.9,-2.81577,-3.94085,2.25655
110,-2.83186,-3.92119,2.25655
110.1,-2.84794,-3.90153,2.25655
110.2,-2.86403,-3.88188,2.25655
110.3,-2.88011,-3.86222,2.25655
110.4,-2.8962,-3.84256,2.25655
110.5,-2.91228,-3.8229,2.25655
110.6,-2.92836,-3.80324,2.25655
110.7,-2.94445,-3.78359,2.25655
110.8,-2.96053,-3.76393,2.25655
110.9,-2.97662,-3.74427,2.25655
111,-2.9927,-3.72461,2.25655
111.1,-3.00879,-3.70495,2.25655
111.2,-3.02487,-3.68529,2.25655
111.3,-3.04096,-3.66564,2.25655
111.4,-3.05704,-3.64598,2.25655
111.5,-3.07313,-3.62632,2.25655
111.6,-3.08921,-3.60666,2.25655
111.7,-3.1053,-3.587,2.25655
111.8,-3.12138,-3.56735,2.25655
111.9,-3.13747,-3.54769,2.25655
112,-3.15355,-3.52803,2.25655
112.1,-3.16963,-3.50837,2.25655
112.2,-3.18572,-3.48871,2.25655
112.3,-3.2018,-3.46905,2.25655
112.4,-3.21789,-3.4494,2.25655
112.5,-3.23397,-3.42974,2.25655
112.6,-3.25006,-3.41008,2.25655
112.7,-3.26614,-3.39042,2.25655
112.8,-3.28223,-3.37076,2.25655
112.9,-3.29831,-3.35111,2.25655
113,-3.3144,-3.33145,2.25655
